Model,RMSE
XGBoost,0.1437784738619876
Random Forest,0.1482990594986152
Linear Regression,0.16422867641419564
